[
  {
    "setor": "Avjf",
    "telefone": "+553288667491",
    "nome": "Fernando"
  },
  {
    "setor": "TI",
    "telefone": "+553288886642",
    "nome": "Marlos"
  },
  {
    "setor": "Puxada - Gestão de produtos Ambev",
    "telefone": "+553291029111",
    "nome": "Lucas"
  },
  {
    "setor": "Controle - Data de Vencimento",
    "telefone": "+553291444853",
    "nome": "Célio"
  },
  {
    "setor": "Cadastro",
    "telefone": "+553299886629",
    "nome": "Bianca"
  },
  {
    "setor": "Financeiro",
    "telefone": "+553299599721",
    "nome": "Regilaine ou Érica"
  },
  {
    "setor": "Comodato",
    "telefone": "+553299397410",
    "nome": "Lorena"
  },
  {
    "setor": "Gerente Logística",
    "telefone": "+553299567343",
    "nome": "Adilson"
  },
  {
    "setor": "Reposição Logística",
    "telefone": "+553299443210",
    "nome": "Samara"
  },
  {
    "setor": "Bees Hub Taruma",
    "telefone": "+553299447900",
    "nome": "Grazi"
  },
  {
    "setor": "Mkt Leve",
    "telefone": "+553298816258",
    "nome": "Nicolas"
  },
  {
    "setor": "Nível de Serviço",
    "telefone": "+553299422127",
    "nome": "Marcelo"
  },
  {
    "setor": "Recursos Humanos (RH)",
    "telefone": "+553299620821",
    "nome": "Luana ou Julia"
  },
  {
    "setor": "Departamento Pessoal (DP)",
    "telefone": "+553299594821",
    "nome": "Lais"
  },  
  {
    "setor": "Gerente Executivo",
    "telefone": "+553299827343",
    "nome": "Weliton"
  },
  {
    "setor": "Gerente Comercial",
    "telefone": "+553299420108",
    "nome": "Luis"
  },
  {
    "setor": "Gv 1",
    "telefone": "+553299775821",
    "nome": "Emiliano"
  },
    {
    "setor": "Gv 2",
    "telefone": "+553299677343",
    "nome": "Ronan"
  },
  {
    "setor": "Gv 3",
    "telefone": "+553299534821",
    "nome": "Marco Antonio"
  },
  {
    "setor": "Gv 4",
    "telefone": "+553299447210",
    "nome": "Rodrigo Reis"
  },
  {
    "setor": "Chatbot Score 5 Geo MG ",
    "telefone": "+553195122957",
    "nome": "- só mandar CodRevenda_NB ex: 296708_16071"
  }
]
