[
    {
        "setor": "999",
        "telefone": "553291137545",
        "lid":""
    },
    {
        "setor": "100",
        "telefone": "553299895200",
        "lid":"168397128134733@lid"
    },
    {
        "setor": "101",
        "telefone": "553299568605",
        "lid":"120512638406766@lid"
    },
    {
        "setor": "102",
        "telefone": "553299887727",
        "lid":"213408368615471@lid"
    },
    {
        "setor": "103",
        "telefone": "553298239752",
        "lid":"69166270820448@lid"
    },
    {
        "setor": "104",
        "telefone": "553298070643",
        "lid":"190829691973822@lid"
    },
    {
        "setor": "105",
        "telefone": "553298101827",
        "lid":"274263777001601@lid"
    },
    {
        "setor": "106",
        "telefone": "553299918248",
        "lid":"165691315470400@lid"
    },
    {
        "setor": "107",
        "telefone": "553299179324",
        "lid":"172584771567814@lid"
    },
    {
        "setor": "108",
        "telefone": "553299181711",
        "lid":"126946449080554@lid"
    },
    {
        "setor": "109",
        "telefone": "553298288921",
        "lid":"28634681221240@lid"
    },
    {
        "setor": "110",
        "telefone": "553298106021",
        "lid":"n/a"
    },
    {
        "setor": "111",
        "telefone": "553298012145",
        "lid":"144431177048085@lid"
    },
    {
        "setor": "112",
        "telefone": "553299902378",
        "lid": "166610421739733@lid"
    },
    {
        "setor": "200",
        "telefone": "553299044079",
        "lid":"7439000809484@lid"
    },
    {
        "setor": "270",
        "telefone": "553288573147",
        "lid": "@lid"
    },
    {
        "setor": "201",
        "telefone": "553299087635",
        "lid": "2873500901592@lid"
    },
    {
        "setor": "202",
        "telefone": "553298385637",
        "lid":"n/a"
    },
    {
        "setor": "203",
        "telefone": "553298003691",
        "lid":"n/a"
    },
    {
        "setor": "204",
        "telefone": "553299783406",
        "lid": "125425963528213@lid"
    },
    {
        "setor": "205",
        "telefone": "553298375215",
        "lid": "149993260335229@lid"
    },
    {
        "setor": "206",
        "telefone": "553298371450"
    },
    {
        "setor": "207",
        "telefone": "553299555375",
        "lid":"181896310968508@lid"
    },
    {
        "setor": "208",
        "telefone": "553299400923",
        "lid":"127470401503352@lid"
    },
    {
        "setor": "300",
        "telefone": "553298146961",
        "lid":"265201513447450@lid"
    },
    {
        "setor": "301",
        "telefone": "553298059217",
        "lid":""
    },
    {
        "setor": "302",
        "telefone": "",
        "lid":""
    },
    {
        "setor": "303",
        "telefone": "553298202723",
        "lid":""
    },
    {
        "setor": "304",
        "telefone": "553299835533",
        "lid":"125924196495511@lid"
    },
    {
        "setor": "305",
        "telefone": "553298190498",
        "lid":"231297075167485@lid"
    },
    {
        "setor": "306",
        "telefone": "553299617161",
        "lid":"n/a"
    },
    {
        "setor": "307",
        "telefone": "553299737871",
        "lid":"14766248579273@lid"
    },
    {
        "setor": "308",
        "telefone": "553299003678",
        "lid":"83906548244601@lid"
    },
    {
        "setor": "309",
        "telefone": "553299818351",
        "lid":"226490872537301@lid"
    },
    {
        "setor": "310",
        "telefone": "553299375200",
        "lid":"12395577663541@lid"
    },
    {
        "setor": "311",
        "telefone": "553299593821",
        "lid":"226147526799591@lid"
    },
    {
        "setor": "312",
        "telefone": "553299026019",
        "lid": "179701867888847@lid"
    },
    {
        "setor": "400",
        "telefone": "553299297101",
        "lid":""
    },
    {
        "setor": "401",
        "telefone": "553299646405",
        "lid":""
    },
    {
        "setor": "402",
        "telefone": "553299206760",
        "lid":"29038290685969@lid"
    },
    {
        "setor": "403",
        "telefone": "553299287847",
        "lid":""
    },
    {
        "setor": "404",
        "telefone": "553299211128",
        "lid":"211217935278155@lid"
    },
    {
        "setor": "405",
        "telefone": "553299549335",
        "lid":""
    },
    {
        "setor": "406",
        "telefone": "553299486806",
        "lid":""
    },
    {
        "setor": "407",
        "telefone": "553299450966",
        "lid":""      
    },        
    {
        "setor": "408",
        "telefone": "553299463913",
        "lid":""
    },
    {
        "setor": "409",
        "telefone": "553284330403",
        "lid":""
    },
    {
        "setor": "410",
        "telefone": "553299487343",
        "lid":""
    },
    {
        "setor": "411",
        "telefone": "553299964162",
        "lid": "226147526799591@lid"
    }
]