[
  {
    "setor": 999,
    "senha": 1234
  },  
  {
    "setor": 100,
    "senha": 2335
  },
  {
    "setor": 101,
    "senha": 2729
  },
  {
    "setor": 102,
    "senha": 1392
  },
  {
    "setor": 103,
    "senha": 2329
  },
  {
    "setor": 104,
    "senha": 2736
  },
  {
    "setor": 105,
    "senha": 2706
  },
  {
    "setor": 106,
    "senha": 2769
  },
  {
    "setor": 107,
    "senha": 2115
  },
  {
    "setor": 108,
    "senha": 1943
  },
  {
    "setor": 109,
    "senha": 2405
  },
  {
    "setor": 110,
    "senha": 2242
  },
  {
    "setor": 111,
    "senha": 2142
  },
  {
    "setor": 112,
    "senha": 2406
  },
  {
    "setor": 200,
    "senha": 2338
  },
  {
    "setor": 270,
    "senha": 2338
  },
  {
    "setor": 201,
    "senha": 1966
  },
  {
    "setor": 202,
    "senha": 2736
  },
  {
    "setor": 203,
    "senha": 2779
  },
  {
    "setor": 204,
    "senha": 2443
  },
  {
    "setor": 205,
    "senha": 2630
  },
  {
    "setor": 206,
    "senha": 2620
  },
  {
    "setor": 207,
    "senha": 2462
  },
  {
    "setor": 208,
    "senha": 1621
  },
  {
    "setor": 300,
    "senha": 2736
  },
  {
    "setor": 301,
    "senha": 2820
  },
  {
    "setor": 302,
    "senha": 1886
  },
  {
    "setor": 303,
    "senha": 2648
  },
  {
    "setor": 304,
    "senha": 2795
  },
  {
    "setor": 305,
    "senha": 2647
  },
  {
    "setor": 306,
    "senha": 2554
  },
  {
    "setor": 307,
    "senha": 2787
  },
  {
    "setor": 308,
    "senha": 1853
  },
  {
    "setor": 309,
    "senha": 2804
  },
  {
    "setor": 310,
    "senha": 2829
  },
  {
    "setor": 311,
    "senha": 2555
  },
    {
    "setor": 312,
    "senha": 2768
  },
  {
    "setor": 400,
    "senha": 536
  },
  {
    "setor": 401,
    "senha": 2250
  },
  {
    "setor": 402,
    "senha": 1819
  },
  {
    "setor": 403,
    "senha": 1208
  },
  {
    "setor": 404,
    "senha": 1391
  },
  {
    "setor": 405,
    "senha": 2055
  },
  {
    "setor": 406,
    "senha": 2812
  },
  {
    "setor": 407,
    "senha": 2251
  },
  {
    "setor": 408,
    "senha": 2375
  },
  {
    "setor": 409,
    "senha": 1543
  },
  {
    "setor": 410,
    "senha": 2018
  },
  {
    "setor": 411,
    "senha": 1886
  }
]